<!DOCTYPE suite SYSTEM "https://testng.org/testng-1.0.dtd" >
<suite name="s1" verbose="1" parallel="none">
	<listeners>
		<listener class-name="com.webtest.core.WebTestListener"></listener>
	</listeners>
	<test name="t2" preserve-order="true">
		<classes>
			<class name="test.TestLogin"/>
			<class name="test.Testbg"/>
		</classes>
	</test>
<listeners>
<listener class-name="org.uncommons.reportng.HTMLReporter" />
<listener class-name="org.uncommons.reportng.JUnitXMLReporter" />
</listeners>
</suite>